Parameter,Value
MSE,0.2085889570552147
MAE,0.2085889570552147
R-SQUARED,0.058443764865782954
RMSE,0.45671540050146625
ACCURACY,0.7914110429447853
