Parameter,Value
MSE,0.32727272727272727
MAE,0.32727272727272727
R-SQUARED,-0.4864864864864864
RMSE,0.5720775535473553
ACCURACY,0.6727272727272727
