Parameter,Value
MSE,0.10429447852760736
MAE,0.10429447852760736
R-SQUARED,0.5335016835016835
RMSE,0.3229465567669167
ACCURACY,0.8957055214723927
