Parameter,Value
MSE,0.07975460122699386
MAE,0.07975460122699386
R-SQUARED,0.6546610169491525
RMSE,0.2824085714474578
ACCURACY,0.9202453987730062
