Parameter,Value
MSE,0.13496932515337423
MAE,0.13496932515337423
R-SQUARED,0.3787248787248788
RMSE,0.36738171586699064
ACCURACY,0.8650306748466258
