Parameter,Value
MSE,0.3090909090909091
MAE,0.3090909090909091
R-SQUARED,-0.5583333333333338
RMSE,0.5559594491425693
ACCURACY,0.6909090909090909
