Parameter,Value
MSE,0.12269938650306748
MAE,0.12269938650306748
R-SQUARED,0.4724919093851133
RMSE,0.3502847220520294
ACCURACY,0.8773006134969326
