Parameter,Value
MSE,0.15337423312883436
MAE,0.15337423312883436
R-SQUARED,0.27876106194690276
RMSE,0.39163022499397865
ACCURACY,0.8466257668711656
