Parameter,Value
MSE,0.36363636363636365
MAE,0.36363636363636365
R-SQUARED,-0.5714285714285716
RMSE,0.6030226891555273
ACCURACY,0.6363636363636364
